04e00	one
04e8c	two
04e09	three
056db	four
04e94	five
0516d	six
04e03	seven
0516b	eight
04e5d	nine
05341	ten
053e3	mouth
065e5	day
06708	month
07530	rice field
076ee	eye
053e4	old
0543e	I
05192	risk
0670b	companion
0660e	bright
05531	chant
06676	sparkle
054c1	goods
05442	spine
0660c	prosperous
065e9	early
065ed	rising sun
04e16	generation
080c3	stomach
065e6	nightbreak
080c6	gall bladder
04e98	span
051f9	concave
051f8	convex
065e7	olden times
081ea	oneself
0767d	white
0767e	hundred
04e2d	in
05343	thousand
0820c	tongue
05347	measuring box
06607	rise up
04e38	round
05bf8	measurement
05c02	specialty
0535a	Dr.
05360	fortune-telling
04e0a	above
04e0b	below
05353	eminent
0671d	morning
053ea	only
08c9d	shellfish
08c9e	upright
054e1	employee
0898b	see
05150	newborn babe
05143	beginning
09801	page
09811	stubborn
051e1	mediocre
08ca0	defeat
04e07	ten thousand
053e5	phrase
0808c	texture
065ec	decameron
052fa	ladle
07684	bull's eye
09996	neck
04e59	fishguts
04e71	riot
076f4	straightaway
05177	tool
0771f	true
05de5	craft
05de6	left
053f3	right
06709	possess
08cc4	bribe
08ca2	tribute
09805	paragraph
05200	sword
05203	blade
05207	cut
053ec	seduce
0662d	shining
05247	rule
0526f	vice-
05225	separate
04e01	street
0753a	village
053ef	can
09802	place on the head
05b50	child
05b54	cavity
04e86	complete
05973	woman
0597d	fond
05982	likeness
06bcd	mama
08cab	pierce
05144	elder brother
0514b	overcome
05c0f	little
05c11	few
05927	large
0591a	many
05915	evening
06c50	eventide
05916	outside
0540d	name
077f3	stone
08096	resemblance
0785d	nitrate
07815	smash
07802	sand
0524a	plane
05149	ray
0592a	plump
05668	utensil
081ed	stinking
05999	exquisite
07701	focus
0539a	thick
05947	strange
05ddd	stream
05dde	state
09806	obey
06c34	water
06c37	icicle
06c38	eternity
06cc9	spring
0539f	meadow
09858	petition
06cf3	swim
06cbc	marsh
06c96	open sea
06c5f	creek
06c41	soup
06f6e	tide
06e90	source
06d3b	lively
06d88	extinguish
06cc1	but of course
06cb3	river
06cca	overnight
06e56	lake
06e2c	fathom
0571f	soil
05410	spit
05727	pressure
057fc	cape
057a3	hedge
0572d	square jewel
05c01	seal
06daf	horizon
05bfa	Buddhist temple
06642	time
05747	level
0706b	fire
0708e	inflammation
07169	anxiety
06de1	thin
0706f	lamp
07551	farm
0707d	disaster
07070	ashes
070b9	spot
07167	illuminate
09b5a	fish
06f01	fishing
091cc	ri
09ed2	black
058a8	black ink
09bc9	carp
091cf	quantity
05398	rin
057cb	bury
0540c	same
06d1e	den
080f4	trunk
05411	yonder
05c1a	esteem
05b57	character
05b88	guard
05b8c	perfect
05ba3	proclaim
05bb5	wee hours
05b89	relax
05bb4	banquet
05bc4	draw near
05bcc	wealth
08caf	savings
06728	tree
06797	grove
068ee	forest
06842	Japanese Judas-tree
067cf	oak
067a0	frame
068a2	treetops
068da	shelf
0674f	apricot
06850	paulownia
0690d	plant
067af	wither
06734	crude
06751	town
076f8	inter-
0673a	desk
0672c	book
0672d	tag
066a6	calendar
06848	plan
071e5	parch
0672a	not yet
0672b	extremity
06cab	splash
05473	flavor
059b9	younger sister
06731	vermilion
0682a	stocks
082e5	young
08349	grass
082e6	suffering
05bdb	tolerant
08584	dilute
08449	leaf
06a21	imitation
06f20	vague
05893	grave
066ae	livelihood
0819c	membrane
082d7	seedling
05146	portent
06843	peach tree
0773a	stare
072ac	dog
072b6	status quo
09ed9	silence
07136	sort of thing
0837b	reed
072e9	hunt
0732b	cat
0725b	cow
07279	special
0544a	revelation
05148	before
06d17	wash
04ecb	jammed in
0754c	world
08336	tea
05408	fit
05854	pagoda
0738b	king
07389	jewel
05b9d	treasure
073e0	pearl
073fe	present
072c2	lunatic
07687	emperor
05448	display
05168	whole
06813	plug
07406	logic
04e3b	lord
06ce8	pour
067f1	pillar
091d1	gold
09291	pig-iron
09262	bowl
09285	copper
091e3	angling
091dd	needle
09298	inscription
093ae	tranquillize
09053	road-way
05c0e	guidance
08fbb	crossing
08fc5	swift
09020	create
08feb	urge
09003	escape
08fba	environs
05de1	patrol
08eca	car
09023	take along
08ecc	rut
08f38	transport
0524d	in front
05404	each
0683c	status
07565	abbreviation
05ba2	guest
0984d	forehead
0590f	summer
051e6	dispose
06761	twig
0843d	fall
05197	superfluous
08ecd	army
08f1d	radiance
0904b	carry
051a0	crown
05922	dream
05751	pit
09ad8	tall
04eab	receive
0587e	cram school
0719f	mellow
04ead	pavilion
04eac	capital
06dbc	refreshing
0666f	scenery
09be8	whale
0820e	cottage
05468	circumference
09031	week
058eb	gentleman
05409	good luck
058ee	robust
08358	villa
058f2	sell
05b66	study
0899a	memorize
06804	flourish
066f8	write
06d25	haven
07267	breed
0653b	aggression
06557	failure
0679a	sheet of...
06545	happenstance
0656c	awe
08a00	say
08b66	admonish
08a08	plot
07344	prison
08a02	revise
08a0e	chastise
08a13	instruction
08a54	imperial edict
08a70	packed
08a71	tale
08a60	recitation
08a69	poem
08a9e	word
08aad	read
08abf	tune
08ac7	discuss
08afe	consent
08aed	rebuke
05f0f	style
08a66	test
05f10	II
057df	range
08cca	burglar
0683d	plantation
08f09	load
08302	overgrown
06210	turn into
057ce	castle
08aa0	sincerity
05a01	intimidate
06ec5	destroy
06e1b	dwindle
0685f	scaffold
092ad	coin
06d45	shallow
06b62	stop
06b69	walk
06e09	ford
0983b	repeatedly
080af	agreement
04f01	undertake
06b74	curriculum
06b66	warrior
08ce6	levy
06b63	correct
08a3c	evidence
0653f	politics
05b9a	determine
09320	lock
08d70	run
08d85	transcend
08d74	proceed
08d8a	surpass
0662f	just so
0984c	topic
05824	dike
05efa	build
05ef6	prolong
08a95	nativity
0790e	cornerstone
05a7f	bridegroom
08863	garment
088c1	tailor
088c5	attire
088cf	back
058ca	demolition
054c0	pathetic
09060	distant
0733f	monkey
0521d	first time
05e03	linen
05e06	sail
05e45	hanging scroll
05e3d	cap
05e55	curtain
05e4c	canopy
09326	brocade
05e02	market
059c9	elder sister
080ba	lungs
05e2f	sash
06ede	stagnate
0523a	thorn
05236	system
088fd	made in...
08ee2	revolve
082b8	technique
096e8	rain
096f2	cloud
066c7	cloudy weather
096f7	thunder
0971c	frost
051ac	winter
05929	heavens
06a4b	bridge
05b0c	attractive
07acb	stand up
06ce3	cry
07ae0	badge
07af6	vie
05e1d	sovereign
07ae5	juvenile
077b3	pupil
09418	bell
05546	make a deal
05ae1	legitimate wife
09069	suitable
06ef4	drip
06575	enemy
05315	spoon
05317	north
080cc	stature
06bd4	compare
06606	descendants
07686	all
06df7	mix
06e07	thirst
08b01	audience
08910	brown
0559d	hoarse
065e8	delicious
08102	fat
058f1	I (one)
06bce	every
0654f	cleverness
06885	plum
06d77	sea
04e5e	beg
04e7e	drought
08179	abdomen
08907	duplicate
06b20	lack
05439	blow
0708a	cook
06b4c	song
08edf	soft
06b21	next
08328	briar
08cc7	assets
059ff	figure
08aee	consult with
08ce0	compensation
057f9	cultivate
05256	divide
097f3	sound
06697	darkness
097fb	rhyme
08b58	discriminating
093e1	mirror
05883	boundary
04ea1	deceased
076f2	blind
05984	delusion
08352	laid waste
0671b	ambition
065b9	direction
059a8	disturb
0574a	boy
082b3	perfume
080aa	obese
08a2a	call on
0653e	set free
06fc0	violent
08131	undress
08aac	rumor
092ed	pointed
066fd	formerly
05897	increase
08d08	presents
06771	east
068df	ridgepole
051cd	frozen
0598a	pregnancy
05ef7	courts
067d3	dye
071c3	burn
08cd3	V.I.P.
06b73	year-end
0770c	prefecture
06803	horse chestnut
05730	ground
06c60	pond
0866b	insect
086cd	lightning-bug
086c7	snake
08679	rainbow
08776	butterfly
072ec	single
08695	silkworm
098a8	wind
05df1	self
08d77	rouse
05983	queen
06539	reformation
08a18	scribe
05305	wrap
080de	placenta
07832	cannon
06ce1	bubbles
04e80	tortoise
096fb	electricity
07adc	dragon
06edd	waterfall
08c5a	pork
09010	pursue
09042	consummate
05bb6	house
05ac1	marry into
08c6a	overpowering
08178	intestines
05834	location
06e6f	hot water
07f8a	sheep
07f8e	beauty
06d0b	ocean
08a73	detailed
09bae	fresh
09054	accomplished
07fa8	envious
05dee	distinction
07740	don
0552f	solely
07126	char
07901	reef
096c6	gather
051c6	quasi-
09032	advance
096d1	miscellaneous
096cc	feminine
06e96	semi-
0596e	stirred up
0596a	rob
078ba	assurance
05348	noon
08a31	permit
06b53	delight
06a29	authority
089b3	outlook
07fbd	feathers
07fd2	learn
07fcc	the following
066dc	weekday
06fef	laundry
066f0	sayeth
056f0	quandary
056fa	harden
056fd	country
056e3	group
056e0	cause
059fb	matrimony
05712	park
056de	-times
058c7	podium
05e97	store
05eab	warehouse
05ead	courtyard
05e81	government office
05e8a	bed
09ebb	hemp
078e8	grind
05fc3	heart
05fd8	forget
05fcd	endure
08a8d	acknowledge
05fcc	mourning
05fd7	intention
08a8c	document
05fe0	loyalty
04e32	shish kebab
060a3	afflicted
0601d	think
06069	grace
05fdc	apply
0610f	idea
060f3	concept
0606f	breath
061a9	recess
06075	favor
06050	fear
060d1	beguile
0611f	emotion
06182	melancholy
05be1	widow
05fd9	busy
060a6	ecstasy
06052	constancy
060bc	lament
0609f	enlightenment
06016	dreadful
0614c	disconcerted
06094	repent
0618e	hate
06163	accustomed
06109	pleasure
060f0	lazy
0614e	humility
061be	remorse
061b6	recollection
06155	pining
06dfb	annexed
05fc5	invariably
06ccc	ooze
0624b	hand
0770b	watch over
06469	chafe
06211	ego
07fa9	righteousness
08b70	deliberation
072a0	sacrifice
062b9	rub
062b1	embrace
0642d	board
06284	extract
06297	confront
06279	criticism
062db	beckon
062d3	clear the land
062cd	clap
06253	strike
062d8	arrest
06368	discard
062d0	kidnap
06458	pinch
06311	challenge
06307	finger
06301	hold
062ec	fasten
063ee	brandish
063a8	conjecture
063da	hoist
063d0	propose
0640d	damage
062fe	pick up
062c5	shouldering
062e0	foothold
063cf	sketch
064cd	maneuver
063a5	touch
063b2	put up a notice
0639b	hang
07814	polish
06212	commandment
068b0	contraption
09f3b	nose
05211	punish
0578b	mould
0624d	genius
08ca1	property
06750	lumber
05b58	suppose
05728	exist
04e43	from
0643a	portable
053ca	reach out
05438	suck
06271	handle
04e08	length
053f2	history
0540f	officer
066f4	grow late
0786c	stiff
053c8	or again
053cc	pair
06851	mulberry
096bb	vessels
08b77	safeguard
07372	seize
05974	guy
06012	angry
053cb	friend
0629c	slip out
06295	throw
06ca1	drown
08a2d	establishment
06483	beat
06bbb	husk
0652f	branch
06280	skill
0679d	bough
080a2	limb
0830e	stalk
0602a	suspicious
08efd	lightly
053d4	uncle
07763	coach
05bc2	loneliness
06dd1	graceful
053cd	anti-
05742	slope
0677f	plank
08fd4	return
08ca9	marketing
0722a	claw
059a5	gentle
04e73	milk
06d6e	floating
05c06	leader
05968	exhort
063a1	pick
083dc	vegetable
053d7	accept
06388	impart
0611b	love
06255	pay
05e83	wide
062e1	broaden
09271	mineral
05f01	valve
096c4	masculine
053f0	pedestal
06020	neglect
06cbb	reign
059cb	commence
080ce	womb
07a93	window
053bb	gone
06cd5	method
04f1a	meeting
081f3	climax
05ba4	room
05230	arrival
081f4	doth
04e92	mutually
068c4	abandon
080b2	bring up
064a4	remove
05145	allot
09283	gun
0786b	sulphur
06d41	current
05141	license
05506	tempt
051fa	exit
05c71	mountain
062d9	bungling
05ca9	boulder
070ad	charcoal
05c90	branch off
05ce0	mountain peak
05d29	crumble
05bc6	secrecy
0871c	honey
05d50	storm
05d0e	promontory
05165	enter
08fbc	crowded
05206	part
08ca7	poverty
09812	partition
0516c	public
0677e	pine tree
07fc1	venerable old man
08a1f	sue
08c37	valley
06d74	bathe
05bb9	contain
06eb6	melt
06b32	longing
088d5	abundant
0925b	lead (metal)
06cbf	run alongside
08cde	prize
0515a	party
05802	public chamber
05e38	usual
088f3	skirt
0638c	manipulate
076ae	pelt
06ce2	waves
05a46	old woman
062ab	expose
07834	rend
088ab	incur
06b8b	remainder
06b89	martyrdom
06b8a	particularly
06b96	augment
05217	file
088c2	split
070c8	ardent
06b7b	death
0846c	interment
077ac	wink
08033	ear
053d6	take
08da3	gist
06700	utmost
064ae	snapshot
06065	shame
08077	post
08056	holy
06562	daring
08074	listen
061d0	pocket
06162	ridicule
06f2b	loose
08cb7	buy
07f6e	placement
07f70	penalty
05be7	rather
06fc1	voiced
074b0	ring
09084	send back
0592b	husband
06276	aid
06e13	mountain stream
0898f	standard
066ff	exchange
08cdb	approve
06f5c	submerge
05931	lose
09244	iron
08fed	transfer
081e3	retainer
059eb	princess
08535	storehouse
081d3	entrails
08ce2	intelligent
05805	strict
081e8	look to
089a7	perusal
05de8	gigantic
062d2	repel
0529b	power
07537	male
052b4	labor
052df	recruit
052a3	inferiority
0529f	achievement
052e7	persuade
052aa	toil
052b1	encourage
052a0	add
08cc0	congratulations
067b6	erect
08107	armpit
08105	threaten
05354	co-
0884c	going
05f8b	rhythm
05fa9	restore
05f97	gain
05f93	accompany
05f92	junior
05f85	wait
05f80	journey
05f81	subjugate
05f84	diameter
05f7c	he
05f79	duty
05fb3	benevolence
05fb9	penetrate
05fb4	indications
061f2	penal
05fae	delicate
08857	boulevard
08861	equilibrium
07a3f	draft
07a3c	earnings
07a0b	extent
07a0e	tax
07a1a	immature
0548c	harmony
079fb	shift
079d2	second
079cb	autumn
06101	distress
079c1	private
079e9	regularity
079d8	secret
079f0	appellation
05229	profit
068a8	pear tree
07a6b	harvest
07a42	ear (of a plant)
07a32	rice plant
09999	incense
05b63	seasons
059d4	committee
079c0	excel
0900f	transparent
08a98	entice
07a40	cereals
083cc	germ
07c73	rice
07c89	flour
07c98	sticky
07c92	grains
07ca7	cosmetics
08ff7	astray
07c8b	chic
07ce7	provisions
083ca	chrysanthemum
05965	core
06570	number
0697c	watchtower
0985e	sort
06f06	lacquer
069d8	Esq.
06c42	request
07403	ball
06551	salvation
07af9	bamboo
07b11	laugh
07b20	bamboo hat
07b39	bamboo grass
07b4b	muscle
07bb1	box
07b46	writing brush
07b52	cylinder
07b49	etc.
07b97	calculate
07b54	solution
07b56	scheme
07c3f	register
07bc9	fabricate
04eba	person
04f50	assistant
04f46	however
04f4f	dwell
04f4d	rank
04ef2	go-between
04f53	body
060a0	permanence
04ef6	affair
04ed5	attend
04ed6	other
04f0f	prostrated
04f1d	transmit
04ecf	Buddha
04f11	rest
04eee	sham
04f2f	chief
04fd7	vulgar
04fe1	faith
04f73	excellent
04f9d	reliant
04f8b	example
0500b	individual
05065	healthy
05074	side
04f8d	waiter
0505c	halt
05024	price
05023	emulate
05012	overthrow
05075	spy
050e7	Buddhist priest
05104	hundred million
05100	ceremony
0511f	reparation
04ed9	hermit
050ac	sponsor
04ec1	humanity
04fae	scorn
04f7f	use
04fbf	convenience
0500d	double
0512a	tenderness
04f10	fell
05bbf	inn
050b7	wound
04fdd	protect
08912	praise
05091	greatness
04ed8	adhere
07b26	token
05e9c	borough
04efb	responsibility
08cc3	fare
04ee3	substitute
0888b	sack
08cb8	lend
05316	change
082b1	flower
08ca8	freight
050be	lean
04f55	what
08377	baggage
04fca	sagacious
0508d	bystander
04e45	long time
0755d	furrow
056da	captured
05185	inside
04e19	third class
067c4	design
08089	meat
08150	rot
05ea7	sit
05352	graduate
05098	umbrella
05301	monme
04ee5	by means of
04f3c	similar
04f75	join
074e6	tile
074f6	flower pot
05bae	Shinto shrine
055b6	occupation
05584	virtuous
05e74	year
0591c	night
06db2	fluid
0585a	hillock
05e63	cash
05f0a	abuse
0559a	yell
063db	interchange
0878d	dissolve
065bd	alms
065cb	rotation
0904a	play
065c5	trip
052ff	not
07269	thing
06613	easy
08cdc	grant
05c3f	urine
05c3c	nun
06ce5	mud
05840	fence
05c65	footgear
05c4b	roof
063e1	grip
05c48	yield
06398	dig
05800	ditch
05c45	reside
0636e	set
05c64	stratum
05c40	bureau
09045	slow
06f0f	leak
05237	printing
05c3a	shaku
05c3d	exhaust
06ca2	swamp
08a33	translate
0629e	choose
0663c	daytime
06238	door
080a9	shoulder
0623f	tassel
06247	fan
07089	hearth
0623b	re-
06d99	tears
096c7	employ
09867	look back
05553	disclose
0793a	show
0793c	salutation
07965	auspicious
0795d	celebrate
0798f	blessing
07949	welfare
0793e	company
08996	inspection
05948	Nara
05c09	military officer
06170	consolation
06b3e	goodwill
07981	prohibition
0895f	collar
05b97	religion
05d07	adore
0796d	ritual
05bdf	guess
064e6	grate
07531	wherefore
062bd	pluck
06cb9	oil
08896	sleeve
05b99	mid-air
05c4a	deliver
07b1b	flute
08ef8	axis
07532	armor
062bc	push
05cac	headland
0633f	insert
07533	speaketh
04f38	expand
0795e	gods
0635c	search
0679c	fruit
083d3	candy
08ab2	chapter
088f8	naked
065a4	axe
06790	chop
06240	place
07948	pray
08fd1	near
06298	fold
054f2	philosophy
0901d	departed
08a93	vow
066ab	temporarily
06f38	steadily
065ad	severance
08cea	substance
065a5	reject
08a34	accusation
06628	yesterday
08a50	lie
04f5c	make
096ea	snow
09332	record
05c0b	inquire
06025	hurry
07a4f	calm
04fb5	encroach
06d78	immersed
05bdd	lie down
05a66	lady
06383	sweep
05f53	hit
04e89	contend
06d44	clean
04e8b	matter
05510	T'ang
07cd6	sugar
05eb7	ease
0902e	apprehend
04f0a	Italy
0541b	old boy
07fa4	flock
08010	-proof
09700	demand
05112	Confucian
07aef	edge
04e21	both
06e80	full
0753b	brush-stroke
06b6f	tooth
066f2	bend
066f9	cadet
0906d	encounter
06f15	rowing
069fd	vat
06597	Ursa Major
06599	fee
079d1	department
056f3	map
07528	utilize
05eb8	commonplace
05099	equip
06614	once upon a time
0932f	confused
0501f	borrow
060dc	pity
063aa	set aside
06563	scatter
05eff	twenty
05eb6	commoner
0906e	intercept
05e2d	seat
05ea6	degrees
06e21	transit
05954	bustle
05674	erupt
058b3	tomb
061a4	aroused
0713c	bake
06681	daybreak
0534a	half
04f34	consort
07554	paddy-ridge
05224	judgment
05238	ticket
05dfb	scroll
0570f	sphere
052dd	victory
085e4	wistaria
08b04	mimeograph
07247	one-sided
07248	printing block
04e4b	of
04e4f	destitution
0829d	turf
04e0d	negative
05426	negate
0676f	cupfuls
077e2	dart
077ef	rectify
065cf	tribe
077e5	know
0667a	wisdom
077db	halberd
067d4	tender
052d9	task
09727	fog
073ed	squad
05e30	homecoming
05f13	bow
05f15	pull
05f14	condolences
05f18	vast
05f37	strong
05f31	weak
06cb8	seethe
08cbb	expense
07b2c	No.
05f1f	younger brother
05de7	adroit
053f7	nickname
0673d	decay
08a87	boast
06c5a	dirty
04e0e	bestow
05199	copy
08eab	somebody
05c04	shoot
08b1d	apologize
08001	old man
08003	consider
05b5d	filial piety
06559	teach
062f7	torture
08005	someone
0716e	boil
08457	renowned
07f72	signature
06691	sultry
08af8	various
0732a	boar
06e1a	strand
08ced	gamble
05ce1	gorge
072ed	cramped
0631f	sandwiched
08ffd	chase
05e2b	expert
05e25	commander
05b98	bureaucrat
068fa	coffin
07ba1	pipe
07236	father
04ea4	mingle
052b9	merit
08f03	contrast
06821	exam
08db3	leg
04fc3	stimulate
08ddd	long-distance
08def	path
09732	dew
08df3	hop
08e8d	leap
08df5	tread
08e0f	step
09aa8	skeleton
06ed1	slippery
09ac4	marrow
0798d	calamity
06e26	whirlpool
0904e	overdo
0962a	Heights
0963f	Africa
0969b	occasion
0969c	hinder
0968f	follow
0966a	obeisance
0967d	sunshine
09673	exhibit
09632	ward off
09644	affixed
09662	Inst.
09663	camp
0968a	regiment
0589c	crash
0964d	descend
0968e	storey
0965b	highness
096a3	neighboring
09694	isolate
096a0	conceal
05815	degenerate
09665	collapse
07a74	hole
07a7a	empty
063a7	withdraw
07a81	stab
07a76	research
07a92	plug up
07a83	stealth
07aaa	depression
0643e	squeeze
07aaf	kiln
07aae	hard up
063a2	grope
06df1	deep
04e18	hill
05cb3	Point
05175	soldier
06d5c	seacoast
07cf8	thread
07e54	weave
07e55	darning
07e2e	shrink
07e41	luxuriant
07e26	vertical
07dda	line
07de0	tighten
07dad	fiber
07f85	gauze
07df4	practice
07dd2	thong
07d9a	continue
07d75	picture
07d71	overall
07d5e	strangle
07d66	salary
07d61	entwine
07d50	tie
07d42	end
07d1a	class
07d00	chronicle
07d05	crimson
07d0d	settlement
07d21	spinning
07d1b	distract
07d39	introduce
07d4c	sutra
07d33	sire
07d04	promise
07d30	dainty
07d2f	accumulate
07d22	cord
07dcf	general
07dbf	cotton
07d79	silk
07e70	winding
07d99	inherit
07dd1	green
07e01	affinity
07db2	netting
07dca	tense
07d2b	purple
07e1b	truss
07e04	straw rope
05e7c	infancy
05f8c	behind
05e7d	seclude
05e7e	how many
06a5f	mechanism
07384	mysterious
0755c	livestock
084c4	amass
05f26	bowstring
064c1	hug
06ecb	nourishing
06148	mercy
078c1	magnet
07cfb	lineage
04fc2	person in charge
05b6b	grandchild
061f8	suspend
05374	instead
0811a	skids
05378	wholesale
05fa1	honorable
0670d	clothing
0547d	fate
04ee4	orders
096f6	zero
09f62	age
051b7	cool
09818	jurisdiction
09234	small bell
052c7	courage
0901a	traffic
08e0a	jump
07591	doubt
064ec	mimic
051dd	congeal
07bc4	pattern
072af	crime
05384	unlucky
05371	dangerous
05b9b	address
08155	arm
082d1	garden
06028	grudge
067f3	willow
05375	egg
07559	detain
08cbf	trade
05370	stamp
08208	entertain
09149	sign of the bird
09152	sake
0914c	bartending
09175	fermentation
09177	cruel
0916c	repay
0916a	dairy products
09162	vinegar
09154	drunk
0914d	distribute
09178	acid
07336	furthermore
05c0a	revered
08c46	beans
0982d	head
077ed	short
08c4a	bountiful
09f13	drum
0559c	rejoice
06a39	timber-trees
076bf	dish
08840	blood
076c6	basin
076df	alliance
076d7	steal
06e29	warm
076e3	oversee
06feb	overflow
09451	specimen
0731b	fierce
076db	boom
05869	salt
09280	silver
06068	regret
06839	root
05373	instant
07235	baron
07bc0	node
09000	retreat
09650	limit
0773c	eyeball
0826f	good
06717	melodious
06d6a	wandering
05a18	daughter
098df	eat
098ef	meal
098f2	drink
098e2	hungry
09913	starve
098fe	decorate
09928	Bldg.
0990a	foster
098fd	sated
065e2	previously
06982	outline
06168	rue
05e73	even
0547c	call
0576a	two-mat area
08a55	evaluate
05208	reap
05e0c	hope
051f6	villain
080f8	bosom
096e2	detach
06bba	kill
07d14	genuine
0920d	dull
08f9b	spicy
08f9e	resign
06893	catalpa
05bb0	superintend
058c1	wall
0907f	evade
065b0	new
085aa	fuel
089aa	parent
05e78	happiness
057f7	tenacious
05831	report
053eb	shout
07cfe	twist
053ce	income
05351	lowly
07891	tombstone
09678	land
07766	intimate
052e2	forces
071b1	heat
083f1	diamond
09675	mausoleum
04ea5	sign of the hog
06838	nucleus
0523b	engrave
08a72	above-stated
052be	censure
08ff0	mention
08853	art
05bd2	cold
091b8	brew
08b72	defer
058cc	lot
05b22	lass
06bd2	poison
07d20	elementary
09ea6	barley
09752	blue
07cbe	refined
08acb	solicit
060c5	feelings
06674	clear up
06e05	pure
09759	quiet
08cac	blame
07e3e	exploits
07a4d	volume
050b5	bond
06f2c	pickling
08868	surface
04ff5	bag
06f54	undefiled
05951	pledge
055ab	consume
05bb3	harm
08f44	control
05272	proportion
061b2	constitution
0751f	life
0661f	star
059d3	surname
06027	sex
07272	animal sacrifice
07523	products
09686	hump
05cf0	summit
07e2b	sew
062dd	worship
05bff	longevity
092f3	casting
07c4d	enroll
06625	springtime
0693f	camellia
06cf0	peaceful
0594f	play music
05b9f	reality
05949	observance
04ff8	stipend
068d2	rod
08b39	discreet
052e4	diligence
06f22	Sino-
05606	sigh
096e3	difficult
083ef	splendor
05782	droop
07761	drowsy
09318	spindle
04e57	ride
05270	surplus
04eca	now
0542b	include
0541f	versify
05ff5	wish
07434	harp
09670	shade
04e88	beforehand
05e8f	preface
09810	deposit
091ce	plains
0517c	concurrently
05acc	dislike
0938c	sickle
08b19	self-effacing
05ec9	bargain
0897f	west
04fa1	value
08981	need
08170	loins
07968	ballot
06f02	drift
06a19	signpost
06817	chestnut
09077	transition
08986	capsize
07159	smoke
05357	south
06960	camphor tree
0732e	offering
09580	gates
0554f	question
095b2	review
095a5	clique
09593	interval
07c21	simplicity
0958b	open
09589	closed
095a3	tower
09591	leisure
0805e	hear
06f64	wet
06b04	column
095d8	fight
05009	godown
05275	genesis
0975e	un-
04ff3	haiku
06392	repudiate
060b2	sad
07f6a	guilt
08f29	comrade
06249	front door
04faf	marquis
05019	climate
06c7a	decide
05feb	cheerful
05049	admirable
09055	difference
07def	horizontal
0885b	defense
097d3	Korea
05e72	dry
0809d	liver
0520a	publish
06c57	sweat
08ed2	flats
05cb8	beach
05e79	tree-trunk
0828b	potato
05b87	eaves
04f59	too much
09664	exclude
05f90	gradually
053d9	confer
09014	route
0659c	diagonal
05857	paint
0675f	bundle
0983c	trust
0702c	rapids
052c5	imperial order
0758e	alienate
0901f	quick
06574	organize
05263	saber
0967a	precipitous
0691c	examination
05039	frugal
091cd	heavy
052d5	move
052f2	meritorious deed
050cd	work
07a2e	species
0885d	collide
085ab	fragrant
075c5	ill
075f4	stupid
075d8	pox
075c7	symptoms
075be	rapidly
075e2	diarrhea
075b2	tired
075ab	epidemic
075db	pain
07656	mannerism
0533f	hide
05320	artisan
0533b	doctor
05339	equal
0533a	ward
067a2	hinge
06bb4	assault
06b27	Europe
06291	repress
04ef0	face-up
08fce	welcome
0767b	ascend
06f84	lucidity
0767a	discharge
05ec3	abolish
050da	colleague
05bee	dormitory
07642	heal
05f6b	carve
05f62	shape
05f71	shadow
06749	cedar
05f69	coloring
05f70	patent
05f66	lad
09854	face
09808	ought
081a8	swell
053c2	visit
060e8	wretched
04fee	discipline
073cd	rare
08a3a	check-up
06587	sentence
05bfe	vis-a-vis
07d0b	family crest
0868a	mosquito
06589	adjusted
05264	dose
06e08	finish
0658e	purification
07c9b	solemn
05841	bases
0697d	music
085ac	medicine
07387	ratio
06e0b	astringent
06442	vicarious
0592e	center
082f1	England
06620	reflect
08d64	red
08d66	pardon
05909	unusual
08de1	tracks
086ee	barbarian
0604b	romance
06e7e	gulf
09ec4	yellow
06a2a	sideways
0628a	grasp
08272	color
07d76	discontinue
08276	glossy
080a5	fertilizer
07518	sweet
07d3a	navy blue
067d0	so-and-so
08b00	conspire
05a92	mediator
06b3a	deceit
068cb	chess piece
065d7	national flag
0671f	period
07881	Go
057fa	fundamentals
0751a	tremendously
052d8	intuition
0582a	withstand
08cb4	precious
0907a	bequeath
09063	dispatch
0821e	dance
07121	nothingness
07d44	association
07c97	coarse
079df	tariff
07956	ancestor
0963b	thwart
067fb	investigate
052a9	help
05b9c	best regards
07573	tatami mat
04e26	row
0666e	universal
08b5c	musical score
06e7f	damp
09855	appear
07e4a	slender
0970a	spirits
0696d	profession
064b2	slap
050d5	me
05171	together
04f9b	submit
07570	uncommon
07ffc	wing
06d2a	deluge
06e2f	harbor
066b4	outburst
07206	bomb
0606d	respect
09078	elect
06bbf	Mr.
04e95	well
056f2	surround
08015	till
04e9c	Asia
060aa	bad
05186	circle
089d2	angle
089e6	contact
089e3	unravel
0518d	again
08b1b	lecture
08cfc	subscription
069cb	posture
06e9d	gutter
08ad6	argument
0502b	ethics
08f2a	wheel
0504f	partial
0904d	everywhere
07de8	compilation
0518a	tome
05178	code
06c0f	family name
07d19	paper
05a5a	marriage
04f4e	lower
062b5	resist
05e95	bottom
06c11	people
07720	sleep
06355	catch
06d66	bay
084b2	bulrush
08217	shop
088dc	supplement
090b8	residence
090ed	enclosure
090e1	county
090ca	outskirts
090e8	section
090fd	metropolis
090f5	mail
090a6	home country
090f7	home town
097ff	echo
090ce	son
05eca	corridor
076fe	shield
05faa	sequential
06d3e	faction
08108	vein
08846	masses
09013	parcel post
06bb5	grade
0935b	forge
0540e	empress
05e7b	phantasm
053f8	director
04f3a	pay respects
08a5e	part of speech
098fc	domesticate
055e3	heir
0821f	boat
08236	liner
0822a	navigate
0822c	carrier
076e4	tray
0642c	conveyor
08239	ship
08266	warship
08247	rowboat
074dc	melon
05f27	arc
05b64	orphan
07e6d	cocoon
076ca	benefit
06687	spare time
06577	spread
06765	come
06c17	spirit
06c7d	vapor
098db	fly
06c88	sink
059bb	wife
08870	decline
08877	inmost
09762	mask
09769	leather
09774	shoes
08987	hegemony
058f0	voice
05449	give
05a2f	recreation
08aa4	mistake
084b8	steam
0627f	acquiesce
051fd	bin
06975	poles
07259	tusk
082bd	bud
090aa	wicked
096c5	gracious
091c8	explanation
0756a	turn
05be9	hearing
07ffb	flip
085e9	clan
06bdb	fur
08017	decrease
05c3e	tail
05b85	home
08a17	consign
070ba	do
0507d	falsehood
09577	long
05f35	lengthen
05e33	notebook
08139	dilate
09aea	hair of the head
05c55	unfold
055aa	miss
05de3	nest
05358	simple
06226	war
07985	Zen
05f3e	bullet
0685c	cherry tree
07363	animal
08133	brain
060a9	trouble
053b3	stern
09396	chain
06319	raise
08a89	reputation
0731f	game-hunting
09ce5	bird
09cf4	chirp
09db4	crane
070cf	crow
08526	vine
09ce9	pigeon
09d8f	chicken
05cf6	island
06696	warmth
05a9b	beautiful woman
063f4	abet
07de9	slacken
05c5e	belong
05631	entrust
05076	accidentally
09047	interview
0611a	foolish
09685	corner
09006	inverted
05851	model
05ca1	Mount
092fc	steel
07db1	hawser
0525b	sturdy
07f36	tin can
09676	pottery
063fa	swing
08b21	Noh chanting
05c31	concerning
061c7	sociable
058be	groundbreaking
0514d	excuse
09038	elude
06669	nightfall
052c9	exertion
08c61	elephant
050cf	statue
099ac	horse
099d2	pony
09a13	verification
09a0e	equestrian
099d0	parking
099c6	drive
099c5	station
09a12	boisterous
099c4	burdensome
09a5a	wonder
07be4	fervent
09a30	inflation
0864e	tiger
0865c	captive
0819a	skin
0865a	void
0622f	frolic
0865e	uneasiness
0616e	prudence
05287	drama
08650	tyrannize
09e7f	deer
085a6	recommend
06176	jubilation
09e97	lovely
0718a	bear
080fd	ability
0614b	attitude
05bc5	sign of the tiger
06f14	performance
08fb0	sign of the dragon
08fb1	embarrass
09707	quake
0632f	shake
05a20	with child
05507	lips
08fb2	agriculture
06fc3	concentrated
09001	send off
095a2	connection
054b2	blossom
09b3c	ghost
0919c	ugly
09b42	soul
09b54	witch
09b45	fascination
0584a	clod
08972	attack
05687	menacing
06715	majestic plural
096f0	atmosphere
07b87	item
0932c	tempering
09075	abide by
07f77	quit
05c6f	barracks
04e14	moreover
085fb	seaweed
096b7	slave
07652	healing
04e39	rust-colored
06f5f	lagoon
04e11	sign of the cow
0536f	sign of the hare
05df3	sign of the snake
